number_of_streak,start_time,exercise_type,device_type,exercise_session_id,update_time,create_time,source_pkg_name,program_id,title,time_offset,extra_data,deviceuuid,pkg_name,controller_id,end_time,datauuid,is_visible
2022-09-17 04:00:00.000,,100003.0,,2022-10-11 16:15:38.072,2022-09-17 21:38:11.527,,,tracker_pedometer_reward_target_achieved,UTC-0400,"{""mTarget"":6000,""mValue"":8002}",+OWbbAvnWG,com.sec.android.app.shealth,tracker.pedometer,2022-09-17 04:00:00.000,b8839ba6-a994-4b26-b192-364cc1011262,1,
,1001.0,,bd8457d8-0aec-4ccd-9fd6-aceff91b6c7e,2023-05-12 23:31:36.309,2022-09-21 02:26:16.409,,,1201,UTC-0400,1.809,+OWbbAvnWG,com.sec.android.app.shealth,sport.tracker.best.record.speed.lifetime,2022-09-21 02:26:09.195,e247c848-18c1-4c4d-9ebf-ce7b4291163c,0,
,,,,2023-05-09 13:43:39.720,2022-09-17 21:39:03.654,,,LAST_SLEEP_CHECKING_TIME,,,+OWbbAvnWG,com.sec.android.app.shealth,Sleep.Goal.Temp,2023-05-09 04:00:00.000,fa49b2e0-0a00-46eb-9bb2-dd6ab579c2c2,-10000,
2022-09-24 04:00:00.000,,100003.0,,2022-10-21 22:31:39.902,2022-09-24 20:11:52.692,,,tracker_pedometer_reward_target_achieved,UTC-0400,"{""mTarget"":6000,""mValue"":12046}",+OWbbAvnWG,com.sec.android.app.shealth,tracker.pedometer,2022-09-24 04:00:00.000,83ff05a1-843e-494d-972b-a5c84850e199,1,
2022-09-20 04:00:00.000,,100003.0,,2022-10-11 16:15:37.536,2022-09-21 01:52:44.147,,,tracker_pedometer_reward_target_achieved,UTC-0400,"{""mTarget"":6000,""mValue"":8205}",+OWbbAvnWG,com.sec.android.app.shealth,tracker.pedometer,2022-09-20 04:00:00.000,f775e872-a1c5-46a3-a1f2-d68ac7074aef,1,
2022-09-27 04:00:00.000,,100003.0,,2022-10-21 22:31:39.858,2022-09-28 03:43:50.882,,,tracker_pedometer_reward_target_achieved,UTC-0400,"{""mTarget"":6000,""mValue"":6155}",+OWbbAvnWG,com.sec.android.app.shealth,tracker.pedometer,2022-09-27 04:00:00.000,1fe3480e-ec53-4da1-b6ed-9682bc4435a2,1,
,1001.0,,bd8457d8-0aec-4ccd-9fd6-aceff91b6c7e,2023-04-09 19:23:21.111,2022-09-21 02:26:16.414,,,1203,UTC-0400,667368,+OWbbAvnWG,com.sec.android.app.shealth,sport.tracker.best.record.duration.lifetime,2022-09-21 02:26:09.195,2c828797-2045-49d8-badb-c34bb953369d,0,
,1001.0,,bd8457d8-0aec-4ccd-9fd6-aceff91b6c7e,2023-04-09 19:23:21.128,2022-09-21 02:26:16.421,,,1205,UTC-0400,100.72,+OWbbAvnWG,com.sec.android.app.shealth,sport.tracker.best.record.calories.lifetime,2022-09-21 02:26:09.195,dac0b25d-5ae1-469b-bd50-0957121eb2d9,0,
2022-10-02 04:00:00.000,,100003.0,,2022-10-03 03:35:06.744,2022-10-03 00:41:43.124,,,tracker_pedometer_reward_most_walking_day,UTC-0400,"{""mTarget"":-1,""mValue"":12377}",+OWbbAvnWG,com.sec.android.app.shealth,tracker.pedometer,2022-10-02 04:00:00.000,fcf78ffa-2bc9-4ff2-a86d-8303bb5ea0c7,1,
2022-09-24 04:00:00.000,,100003.0,,2022-09-25 00:50:47.063,2022-09-24 21:57:45.364,,,tracker_pedometer_reward_most_walking_day,UTC-0400,"{""mTarget"":-1,""mValue"":12046}",+OWbbAvnWG,com.sec.android.app.shealth,tracker.pedometer,2022-09-24 04:00:00.000,fb058b87-a19c-41b9-8b22-6392e64ee49d,1,
2022-09-24 04:00:00.000,,10009.0,,2022-09-30 04:00:05.726,2022-09-25 04:04:41.867,,,tracker_pedometer_reward_target_achieved,UTC-0400,"{""mTarget"":6000,""mValue"":8205}",+OWbbAvnWG,com.sec.android.app.shealth,tracker.pedometer,2022-09-24 04:00:00.000,d2a5e95d-3605-437b-811f-f0db4c560d4f,1,
2022-10-06 04:00:00.000,,10299999.0,,2022-10-12 04:00:03.885,2022-10-07 04:00:03.375,,,tracker_pedometer_reward_target_achieved,UTC-0400,"{""mTarget"":6000,""mValue"":10565}",+OWbbAvnWG,com.sec.android.app.shealth,tracker.pedometer,2022-10-06 04:00:00.000,1be2af69-fca9-4d98-b465-8feadf2354c3,1,
2022-10-01 04:00:00.000,,100003.0,,2022-10-21 22:31:39.830,2022-10-01 17:38:30.691,,,tracker_pedometer_reward_target_achieved,UTC-0400,"{""mTarget"":6000,""mValue"":8898}",+OWbbAvnWG,com.sec.android.app.shealth,tracker.pedometer,2022-10-01 04:00:00.000,e0e4c682-77b8-4088-a0eb-2fe3acfce6ac,1,
2022-10-01 04:00:00.000,,10299999.0,,2022-10-07 04:00:05.124,2022-10-02 04:00:03.616,,,tracker_pedometer_reward_target_achieved,UTC-0400,"{""mTarget"":6000,""mValue"":7502}",+OWbbAvnWG,com.sec.android.app.shealth,tracker.pedometer,2022-10-01 04:00:00.000,3ea40b25-bb44-4852-866e-7b08269e24fb,1,
2022-10-02 04:00:00.000,,100003.0,,2022-10-21 22:31:39.820,2022-10-21 22:31:39.820,,,tracker_pedometer_reward_most_walking_day,UTC-0400,"{""mTarget"":-1,""mValue"":12377}",+OWbbAvnWG,com.sec.android.app.shealth,tracker.pedometer,2022-10-02 04:00:00.000,34ba8021-5c63-4ed2-8a8c-e13b352ccb33,1,
2022-10-02 04:00:00.000,,10299999.0,,2022-10-08 04:00:04.267,2022-10-03 04:00:03.656,,,tracker_pedometer_reward_target_achieved,UTC-0400,"{""mTarget"":6000,""mValue"":11084}",+OWbbAvnWG,com.sec.android.app.shealth,tracker.pedometer,2022-10-02 04:00:00.000,49de16e3-575f-4a46-b4fb-13f7c6ca9e3f,1,
2022-10-03 04:00:00.000,,100003.0,,2022-10-30 04:59:21.103,2022-10-03 22:19:46.174,,,tracker_pedometer_reward_target_achieved,UTC-0400,"{""mTarget"":6000,""mValue"":6966}",+OWbbAvnWG,com.sec.android.app.shealth,tracker.pedometer,2022-10-03 04:00:00.000,99e28e13-4ce3-477c-abc8-6e541a4d4152,1,
2022-11-09 05:00:00.000,,100003.0,,2022-11-23 22:17:22.310,2022-11-09 19:59:18.015,,,tracker_pedometer_reward_target_achieved,UTC-0500,"{""mTarget"":6000,""mValue"":6803}",+OWbbAvnWG,com.sec.android.app.shealth,tracker.pedometer,2022-11-09 05:00:00.000,c7d8a043-ae97-4bd0-a5a9-e291566d5449,1,
2022-10-06 04:00:00.000,,100003.0,,2022-10-08 04:00:04.130,2022-10-08 04:00:04.130,,,tracker_pedometer_reward_most_walking_day,UTC-0400,"{""mTarget"":-1,""mValue"":11151}",+OWbbAvnWG,com.sec.android.app.shealth,tracker.pedometer,2022-10-06 04:00:00.000,9c4a3779-79aa-4cf3-b96f-9322a07c5fad,1,
2022-10-02 04:00:00.000,,100003.0,,2022-10-09 21:03:58.284,2022-10-09 21:03:58.284,,,tracker_pedometer_reward_most_walking_day,UTC-0400,"{""mTarget"":-1,""mValue"":12377}",+OWbbAvnWG,com.sec.android.app.shealth,tracker.pedometer,2022-10-02 04:00:00.000,e68bfce2-b2b4-43f4-9847-9f9b909bf0da,1,
2022-12-12 05:00:00.000,,100003.0,,2023-01-07 18:29:02.961,2022-12-13 03:10:34.133,,,tracker_pedometer_reward_target_achieved,UTC-0500,"{""mTarget"":6000,""mValue"":6255}",+OWbbAvnWG,com.sec.android.app.shealth,tracker.pedometer,2022-12-12 05:00:00.000,8689b7dd-6631-45bf-beab-0f538fd0c091,1,
2022-10-02 04:00:00.000,,100003.0,,2022-10-29 15:48:13.854,2022-10-29 15:48:13.854,,,tracker_pedometer_reward_most_walking_day,UTC-0400,"{""mTarget"":-1,""mValue"":12377}",+OWbbAvnWG,com.sec.android.app.shealth,tracker.pedometer,2022-10-02 04:00:00.000,abcd97a4-f2c3-4bbc-810e-15769a4edfd2,1,
2023-01-06 05:00:00.000,,100003.0,,2023-02-02 23:42:34.533,2023-01-07 00:19:57.828,,,tracker_pedometer_reward_target_achieved,UTC-0500,"{""mTarget"":6000,""mValue"":10733}",+OWbbAvnWG,com.sec.android.app.shealth,tracker.pedometer,2023-01-06 05:00:00.000,81838fc7-ce01-40c6-a980-1fa0944bc08a,1,
2022-11-17 05:00:00.000,,100003.0,,2022-12-11 07:18:26.064,2022-11-18 00:35:02.167,,,tracker_pedometer_reward_target_achieved,UTC-0500,"{""mTarget"":6000,""mValue"":6524}",+OWbbAvnWG,com.sec.android.app.shealth,tracker.pedometer,2022-11-17 05:00:00.000,ac23870d-b39e-4c7e-af20-0e0945610e03,1,
2023-01-12 05:00:00.000,,100003.0,,2023-02-08 04:46:33.858,2023-01-13 01:11:19.487,,,tracker_pedometer_reward_target_achieved,UTC-0500,"{""mTarget"":6000,""mValue"":6531}",+OWbbAvnWG,com.sec.android.app.shealth,tracker.pedometer,2023-01-12 05:00:00.000,64ce8b95-ad31-42e7-8960-8c3d4199f110,1,
2022-12-21 05:00:00.000,,100003.0,,2023-01-16 23:27:07.842,2022-12-21 21:51:27.957,,,tracker_pedometer_reward_target_achieved,UTC-0500,"{""mTarget"":6000,""mValue"":7685}",+OWbbAvnWG,com.sec.android.app.shealth,tracker.pedometer,2022-12-21 05:00:00.000,89d41c0f-7230-437d-a094-dd637e83e0d6,1,
2023-01-21 05:00:00.000,,10009.0,,2023-02-15 20:18:24.973,2023-01-22 05:00:17.085,,,tracker_pedometer_reward_target_achieved,UTC-0500,"{""mTarget"":6000,""mValue"":10521}",+OWbbAvnWG,com.sec.android.app.shealth,tracker.pedometer,2023-01-21 05:00:00.000,93212366-c906-4f2a-8762-fad041246182,1,
2023-01-06 05:00:00.000,,10009.0,,2023-01-12 05:00:03.429,2023-01-07 05:00:02.074,,,tracker_pedometer_reward_target_achieved,UTC-0500,"{""mTarget"":6000,""mValue"":9552}",+OWbbAvnWG,com.sec.android.app.shealth,tracker.pedometer,2023-01-06 05:00:00.000,0f071ab6-5413-4634-93d7-ff57e07ecc94,1,
2023-01-26 05:00:00.000,,100003.0,,2023-02-22 04:00:39.221,2023-01-26 23:16:00.514,,,tracker_pedometer_reward_target_achieved,UTC-0500,"{""mTarget"":6000,""mValue"":9106}",+OWbbAvnWG,com.sec.android.app.shealth,tracker.pedometer,2023-01-26 05:00:00.000,27ecacbd-7d24-4dbc-aed8-ad1f4b0a53da,1,
2023-01-14 05:00:00.000,,100003.0,,2023-02-10 23:59:20.916,2023-01-14 20:46:11.107,,,tracker_pedometer_reward_target_achieved,UTC-0500,"{""mTarget"":6000,""mValue"":6851}",+OWbbAvnWG,com.sec.android.app.shealth,tracker.pedometer,2023-01-14 05:00:00.000,68adb858-0f85-4289-a74d-a8acd082ef00,1,
2023-02-11 05:00:00.000,,10009.0,,2023-02-17 05:04:45.657,2023-02-12 05:00:01.288,,,tracker_pedometer_reward_target_achieved,UTC-0500,"{""mTarget"":6000,""mValue"":7624}",+OWbbAvnWG,com.sec.android.app.shealth,tracker.pedometer,2023-02-11 05:00:00.000,95ffc9a0-1742-455f-849c-fb18b3ce5f20,1,
2023-01-21 05:00:00.000,,10009.0,,2023-01-22 05:00:17.149,2023-01-22 05:00:17.149,,,tracker_pedometer_reward_most_walking_day,UTC-0500,"{""mTarget"":-1,""mValue"":10521}",+OWbbAvnWG,com.sec.android.app.shealth,tracker.pedometer,2023-01-21 05:00:00.000,5f3af60d-b418-4957-84c6-2a03d15b573b,1,
2023-02-15 05:00:00.000,,10009.0,,2023-02-21 05:00:19.630,2023-02-16 05:17:01.435,,,tracker_pedometer_reward_target_achieved,UTC-0500,"{""mTarget"":6000,""mValue"":7191}",+OWbbAvnWG,com.sec.android.app.shealth,tracker.pedometer,2023-02-15 05:00:00.000,a77f956f-7c86-46a6-9cf7-014e352f2cc2,1,
,1001.0,,c2281b4d-7081-4d92-bd0c-959415439400,2023-04-09 19:23:21.111,2023-02-20 22:27:03.514,,,1203,UTC-0500,3073680,+OWbbAvnWG,com.sec.android.app.shealth,sport.tracker.best.record.duration.lifetime,2023-02-20 21:59:49.141,f59bcdef-26e4-498c-a62d-042b36a87082,0,
2023-01-26 05:00:00.000,,10009.0,,2023-02-15 20:18:24.981,2023-01-27 06:10:30.377,,,tracker_pedometer_reward_target_achieved,UTC-0500,"{""mTarget"":6000,""mValue"":6809}",+OWbbAvnWG,com.sec.android.app.shealth,tracker.pedometer,2023-01-26 05:00:00.000,b0e35532-894b-46f3-9e41-ff7f4bd2f3b1,1,
2023-02-24 05:00:00.000,,10299999.0,,2023-03-02 05:00:04.900,2023-02-25 05:38:32.876,,,tracker_pedometer_reward_target_achieved,UTC-0500,"{""mTarget"":6500,""mValue"":8105}",+OWbbAvnWG,com.sec.android.app.shealth,tracker.pedometer,2023-02-24 05:00:00.000,b1dba692-7bbd-406d-86e0-bcbc1c32e3e4,1,
2023-02-11 05:00:00.000,,100003.0,,2023-02-13 05:00:01.651,2023-02-12 05:00:02.532,,,tracker_pedometer_reward_most_walking_day,UTC-0500,"{""mTarget"":-1,""mValue"":12080}",+OWbbAvnWG,com.sec.android.app.shealth,tracker.pedometer,2023-02-11 05:00:00.000,ac4ffecc-0d89-4c62-8f2a-de9bcd2c6ef2,1,
2023-03-09 05:00:00.000,,100003.0,,2023-04-03 16:34:28.883,2023-03-10 00:54:48.976,,,tracker_pedometer_reward_target_achieved,UTC-0500,"{""mTarget"":6500,""mValue"":7799}",+OWbbAvnWG,com.sec.android.app.shealth,tracker.pedometer,2023-03-09 05:00:00.000,d2da3a33-5823-43dd-803f-0e571570a206,1,
2023-02-16 05:00:00.000,,100003.0,,2023-03-12 09:17:11.265,2023-02-17 01:55:01.724,,,tracker_pedometer_reward_target_achieved,UTC-0500,"{""mTarget"":6500,""mValue"":7589}",+OWbbAvnWG,com.sec.android.app.shealth,tracker.pedometer,2023-02-16 05:00:00.000,79773845-5e6a-4fda-bddf-df0d3d61721d,1,
,15002.0,,804fcf2b-1a45-41a6-9cdd-ef14c6031f2e,2023-05-15 20:41:38.742,2023-03-13 22:27:48.391,,,1203,UTC-0400,1813857,+OWbbAvnWG,com.sec.android.app.shealth,sport.tracker.best.record.duration.lifetime,2023-03-13 22:27:40.727,cfa64537-680b-4383-a5be-1aefa0091625,0,
2022-09-17 04:00:00.000,,10009.0,,2022-09-23 04:05:41.336,2022-09-17 21:38:10.978,,,tracker_pedometer_reward_target_achieved,UTC-0400,"{""mTarget"":6000,""mValue"":8002}",+OWbbAvnWG,com.sec.android.app.shealth,tracker.pedometer,2022-09-17 04:00:00.000,0ae3f4e4-1089-4fa2-9e8e-e91031c1e924,1,
,15005.0,,f23cfc97-a545-4792-a2c1-d5e5ec5c3885,2023-05-09 12:50:44.316,2022-09-21 01:52:44.290,,,1203,UTC-0400,555476,+OWbbAvnWG,com.sec.android.app.shealth,sport.tracker.best.record.duration.lifetime,2022-09-21 01:52:36.258,12aac430-fe23-4ccb-83ed-453ed563d6d9,0,
,1001.0,,bd8457d8-0aec-4ccd-9fd6-aceff91b6c7e,2023-04-09 19:23:21.065,2022-09-21 02:26:16.404,,,1200,UTC-0400,548.65796,+OWbbAvnWG,com.sec.android.app.shealth,sport.tracker.best.record.distance.lifetime,2022-09-21 02:26:09.195,3cddf74c-08bf-4d40-9a3b-5e2ca69c207f,0,
2022-09-21 04:00:00.000,,10299999.0,,2022-09-27 04:33:22.923,2022-09-22 04:20:31.383,,,tracker_pedometer_reward_target_achieved,UTC-0400,"{""mTarget"":6000,""mValue"":8170}",+OWbbAvnWG,com.sec.android.app.shealth,tracker.pedometer,2022-09-21 04:00:00.000,29031a36-0739-4803-b080-faad078b701c,1,
2022-09-20 04:00:00.000,,10299999.0,,2022-09-26 04:06:31.174,2022-09-21 04:00:02.921,,,tracker_pedometer_reward_target_achieved,UTC-0400,"{""mTarget"":6000,""mValue"":6687}",+OWbbAvnWG,com.sec.android.app.shealth,tracker.pedometer,2022-09-20 04:00:00.000,08e883da-0284-4acf-b4dd-af0ec1c07b56,1,
2022-09-26 04:00:00.000,,100003.0,,2022-10-21 22:31:39.885,2022-09-27 01:38:22.738,,,tracker_pedometer_reward_target_achieved,UTC-0400,"{""mTarget"":6000,""mValue"":6176}",+OWbbAvnWG,com.sec.android.app.shealth,tracker.pedometer,2022-09-26 04:00:00.000,a49b2292-89b3-4dfa-8812-964a96288a78,1,
,15005.0,,ddb0ff63-d6e5-4534-be83-1eab241b8b2e,2023-05-09 12:50:44.355,2022-10-02 17:44:46.112,,,1205,UTC-0400,172.449,+OWbbAvnWG,com.sec.android.app.shealth,sport.tracker.best.record.calories.lifetime,2022-10-02 17:44:36.747,00c60d5b-8373-4b91-b13a-42216c8295dc,0,
2022-09-24 04:00:00.000,,10299999.0,,2022-09-30 04:00:07.017,2022-09-25 04:04:43.444,,,tracker_pedometer_reward_target_achieved,UTC-0400,"{""mTarget"":6000,""mValue"":11443}",+OWbbAvnWG,com.sec.android.app.shealth,tracker.pedometer,2022-09-24 04:00:00.000,22ed2e9b-5946-471a-830d-c57583b9c97a,1,
2022-10-06 04:00:00.000,,10009.0,,2022-10-12 04:00:03.240,2022-10-07 04:00:01.879,,,tracker_pedometer_reward_target_achieved,UTC-0400,"{""mTarget"":6000,""mValue"":6992}",+OWbbAvnWG,com.sec.android.app.shealth,tracker.pedometer,2022-10-06 04:00:00.000,1f3517ef-31c9-47d6-b4d3-2ba9d2279519,1,
2022-10-15 04:00:00.000,,100003.0,,2022-11-06 03:54:11.190,2022-10-15 20:15:05.270,,,tracker_pedometer_reward_target_achieved,UTC-0400,"{""mTarget"":6000,""mValue"":6552}",+OWbbAvnWG,com.sec.android.app.shealth,tracker.pedometer,2022-10-15 04:00:00.000,6366e044-b1b9-46fa-b818-52087cda4ea6,1,
2022-10-02 04:00:00.000,,100003.0,,2022-10-29 15:48:13.840,2022-10-02 17:24:43.690,,,tracker_pedometer_reward_target_achieved,UTC-0400,"{""mTarget"":6000,""mValue"":12377}",+OWbbAvnWG,com.sec.android.app.shealth,tracker.pedometer,2022-10-02 04:00:00.000,834eb1e7-12e5-4d5b-9f92-8dbbb61ba00c,1,
2022-11-05 04:00:00.000,,100003.0,,2022-11-23 22:17:22.626,2022-11-05 23:09:39.272,,,tracker_pedometer_reward_target_achieved,UTC-0400,"{""mTarget"":6000,""mValue"":6403}",+OWbbAvnWG,com.sec.android.app.shealth,tracker.pedometer,2022-11-05 04:00:00.000,b5487da8-54cb-4826-944d-57a150bf7808,1,
2022-10-03 04:00:00.000,,10299999.0,,2022-10-09 04:00:05.106,2022-10-04 04:00:03.484,,,tracker_pedometer_reward_target_achieved,UTC-0400,"{""mTarget"":6000,""mValue"":6424}",+OWbbAvnWG,com.sec.android.app.shealth,tracker.pedometer,2022-10-03 04:00:00.000,e3cc8012-4bb0-4092-9e16-49e10d4f0b32,1,
2022-12-09 05:00:00.000,,10299999.0,,2022-12-15 05:00:04.414,2022-12-10 05:35:33.334,,,tracker_pedometer_reward_target_achieved,UTC-0500,"{""mTarget"":6000,""mValue"":8565}",+OWbbAvnWG,com.sec.android.app.shealth,tracker.pedometer,2022-12-09 05:00:00.000,c334fbd7-15ac-4de5-a468-a57ee5dc049a,1,
2022-12-24 05:00:00.000,,10299999.0,,2022-12-30 05:00:04.341,2022-12-26 05:00:01.688,,,tracker_pedometer_reward_target_achieved,UTC-0500,"{""mTarget"":6000,""mValue"":6026}",+OWbbAvnWG,com.sec.android.app.shealth,tracker.pedometer,2022-12-24 05:00:00.000,7ffdce03-60ad-414b-8729-5a57e4490208,1,
2022-10-02 04:00:00.000,,100003.0,,2022-10-10 13:15:33.591,2022-10-10 13:15:33.591,,,tracker_pedometer_reward_most_walking_day,UTC-0400,"{""mTarget"":-1,""mValue"":12377}",+OWbbAvnWG,com.sec.android.app.shealth,tracker.pedometer,2022-10-02 04:00:00.000,fd31ea13-01b8-4560-ba7a-a2c0ee9df6ce,1,
2023-01-09 05:00:00.000,,10299999.0,,2023-01-15 05:00:10.687,2023-01-10 05:00:02.511,,,tracker_pedometer_reward_target_achieved,UTC-0500,"{""mTarget"":6000,""mValue"":6332}",+OWbbAvnWG,com.sec.android.app.shealth,tracker.pedometer,2023-01-09 05:00:00.000,270dc709-ca8c-4475-99b5-7335424e2783,1,
2022-10-30 04:00:00.000,,100003.0,,2022-11-23 22:17:22.986,2022-10-30 22:17:01.738,,,tracker_pedometer_reward_target_achieved,UTC-0400,"{""mTarget"":6000,""mValue"":6440}",+OWbbAvnWG,com.sec.android.app.shealth,tracker.pedometer,2022-10-30 04:00:00.000,47fb9680-6305-4049-8a6b-498abb5b9e27,1,
2023-01-21 05:00:00.000,,100003.0,,2023-01-22 15:35:30.526,2023-01-22 01:16:51.089,,,tracker_pedometer_reward_most_walking_day,UTC-0500,"{""mTarget"":-1,""mValue"":15487}",+OWbbAvnWG,com.sec.android.app.shealth,tracker.pedometer,2023-01-21 05:00:00.000,70aae96e-e451-45eb-9f6c-fd481bfb3f57,1,
2022-12-09 05:00:00.000,,100003.0,,2023-01-05 17:47:32.786,2022-12-09 21:35:01.049,,,tracker_pedometer_reward_target_achieved,UTC-0500,"{""mTarget"":6000,""mValue"":9528}",+OWbbAvnWG,com.sec.android.app.shealth,tracker.pedometer,2022-12-09 05:00:00.000,79951cfe-591a-4d9a-9014-72046f67b3e9,1,
2023-01-23 05:00:00.000,,10009.0,,2023-02-15 20:18:24.983,2023-01-24 05:00:05.044,,,tracker_pedometer_reward_target_achieved,UTC-0500,"{""mTarget"":6000,""mValue"":6568}",+OWbbAvnWG,com.sec.android.app.shealth,tracker.pedometer,2023-01-23 05:00:00.000,851457aa-75d4-4a5e-b8da-811f1ef190c8,1,
2023-02-11 05:00:00.000,,100003.0,,2023-03-11 00:13:02.833,2023-02-11 21:37:51.475,,,tracker_pedometer_reward_target_achieved,UTC-0500,"{""mTarget"":6000,""mValue"":12080}",+OWbbAvnWG,com.sec.android.app.shealth,tracker.pedometer,2023-02-11 05:00:00.000,93666469-e10f-4e66-b091-a2c5fae93dd0,1,
2022-12-21 05:00:00.000,,10299999.0,,2022-12-27 05:00:04.488,2022-12-22 06:57:07.612,,,tracker_pedometer_reward_target_achieved,UTC-0500,"{""mTarget"":6000,""mValue"":7264}",+OWbbAvnWG,com.sec.android.app.shealth,tracker.pedometer,2022-12-21 05:00:00.000,0fb28dbe-1a04-472f-bc2c-3fac48c23cd8,1,
,15005.0,,f23cfc97-a545-4792-a2c1-d5e5ec5c3885,2023-05-09 12:50:44.355,2022-09-21 01:52:44.299,,,1205,UTC-0400,78.384,+OWbbAvnWG,com.sec.android.app.shealth,sport.tracker.best.record.calories.lifetime,2022-09-21 01:52:36.258,da731731-2790-4c5d-ac96-f721fae46b13,0,
2023-02-15 05:00:00.000,,100003.0,,2023-03-12 09:17:11.338,2023-02-15 22:35:02.876,,,tracker_pedometer_reward_target_achieved,UTC-0500,"{""mTarget"":6500,""mValue"":8841}",+OWbbAvnWG,com.sec.android.app.shealth,tracker.pedometer,2023-02-15 05:00:00.000,b056f46f-e107-4c25-a1a8-0a23ad23a8af,1,
2023-03-18 04:00:00.000,,10009.0,,2023-03-24 05:29:50.595,2023-03-19 04:00:01.443,,,tracker_pedometer_reward_target_achieved,UTC-0400,"{""mTarget"":6500,""mValue"":6522}",+OWbbAvnWG,com.sec.android.app.shealth,tracker.pedometer,2023-03-18 04:00:00.000,8ba8e27f-1f73-4b92-9e20-a51c1afe2533,1,
,1001.0,,c2281b4d-7081-4d92-bd0c-959415439400,2023-04-09 19:23:21.065,2023-02-20 22:27:03.440,,,1200,UTC-0500,3478.4148,+OWbbAvnWG,com.sec.android.app.shealth,sport.tracker.best.record.distance.lifetime,2023-02-20 21:59:49.141,69b28b2c-2d37-45ce-9037-52f1bc383903,0,
2023-01-06 05:00:00.000,,10299999.0,,2023-01-12 05:00:04.344,2023-01-07 05:00:06.159,,,tracker_pedometer_reward_target_achieved,UTC-0500,"{""mTarget"":6000,""mValue"":6954}",+OWbbAvnWG,com.sec.android.app.shealth,tracker.pedometer,2023-01-06 05:00:00.000,b3edf6ab-51a8-47c7-9da8-0171256c6a42,1,
2022-09-21 04:00:00.000,,100003.0,,2022-10-11 16:15:37.786,2022-09-21 23:25:06.934,,,tracker_pedometer_reward_target_achieved,UTC-0400,"{""mTarget"":6000,""mValue"":8957}",+OWbbAvnWG,com.sec.android.app.shealth,tracker.pedometer,2022-09-21 04:00:00.000,cb697a7f-0286-43cd-839f-e93471cc6619,1,
2023-02-24 05:00:00.000,,100003.0,,2023-03-21 02:59:20.413,2023-02-24 22:44:04.388,,,tracker_pedometer_reward_target_achieved,UTC-0500,"{""mTarget"":6500,""mValue"":9363}",+OWbbAvnWG,com.sec.android.app.shealth,tracker.pedometer,2023-02-24 05:00:00.000,be9e1cd2-a6bf-4521-b2be-6e2218705d87,1,
2023-03-19 04:00:00.000,,10299999.0,,2023-03-25 04:00:12.954,2023-03-20 04:00:04.380,,,tracker_pedometer_reward_target_achieved,UTC-0400,"{""mTarget"":6500,""mValue"":9864}",+OWbbAvnWG,com.sec.android.app.shealth,tracker.pedometer,2023-03-19 04:00:00.000,dab3dabf-add3-40d3-9d78-93f873849bee,1,
2023-01-20 05:00:00.000,,100003.0,,2023-02-15 20:18:27.089,2023-01-21 03:18:50.929,,,tracker_pedometer_reward_target_achieved,UTC-0500,"{""mTarget"":6000,""mValue"":6130}",+OWbbAvnWG,com.sec.android.app.shealth,tracker.pedometer,2023-01-20 05:00:00.000,6af11a5d-40fb-4b5f-9cd3-8df56c4f679d,1,
2023-03-05 05:00:00.000,,10299999.0,,2023-03-11 05:00:05.432,2023-03-06 05:00:04.977,,,tracker_pedometer_reward_target_achieved,UTC-0500,"{""mTarget"":6500,""mValue"":8534}",+OWbbAvnWG,com.sec.android.app.shealth,tracker.pedometer,2023-03-05 05:00:00.000,10286ab1-4efa-4c18-83f1-fc65531ed7f7,1,
2022-09-24 04:00:00.000,,10299999.0,,2022-09-25 04:04:43.455,2022-09-25 04:04:43.455,,,tracker_pedometer_reward_most_walking_day,UTC-0400,"{""mTarget"":-1,""mValue"":11443}",+OWbbAvnWG,com.sec.android.app.shealth,tracker.pedometer,2022-09-24 04:00:00.000,b367a5e0-75ce-4ff6-a6ba-7fe813963dcd,1,
2023-03-12 05:00:00.000,,100003.0,,2023-04-03 16:34:27.976,2023-03-13 00:26:30.813,,,tracker_pedometer_reward_target_achieved,UTC-0500,"{""mTarget"":6500,""mValue"":7985}",+OWbbAvnWG,com.sec.android.app.shealth,tracker.pedometer,2023-03-12 05:00:00.000,442c6e54-7dc1-44f5-ab2a-df714f882cad,1,
2023-03-26 04:00:00.000,,10299999.0,,2023-04-01 04:00:05.046,2023-03-28 04:16:08.999,,,tracker_pedometer_reward_target_achieved,UTC-0400,"{""mTarget"":6500,""mValue"":7149}",+OWbbAvnWG,com.sec.android.app.shealth,tracker.pedometer,2023-03-26 04:00:00.000,5af20a23-771c-4daf-a728-c225031f9dc6,1,
2023-01-21 05:00:00.000,,10299999.0,,2023-01-23 05:06:59.727,2023-01-22 05:00:19.109,,,tracker_pedometer_reward_most_walking_day,UTC-0500,"{""mTarget"":-1,""mValue"":12226}",+OWbbAvnWG,com.sec.android.app.shealth,tracker.pedometer,2023-01-21 05:00:00.000,d770ff34-ffe3-4b44-9b25-b248b5f5e2c4,1,
,15005.0,,ddb0ff63-d6e5-4534-be83-1eab241b8b2e,2023-05-09 12:50:44.316,2022-10-02 17:44:46.089,,,1203,UTC-0400,1180954,+OWbbAvnWG,com.sec.android.app.shealth,sport.tracker.best.record.duration.lifetime,2022-10-02 17:44:36.747,a2c86091-1a66-4165-a59b-66679fc6142e,0,
2023-03-18 04:00:00.000,,100003.0,,2023-04-03 16:34:26.297,2023-03-18 21:09:15.511,,,tracker_pedometer_reward_target_achieved,UTC-0400,"{""mTarget"":6500,""mValue"":8874}",+OWbbAvnWG,com.sec.android.app.shealth,tracker.pedometer,2023-03-18 04:00:00.000,c24542a5-a267-44f4-a7e7-9b086567f40d,1,
2023-04-01 04:00:00.000,,100003.0,,2023-04-25 17:05:24.313,2023-04-01 18:55:21.466,,,tracker_pedometer_reward_target_achieved,UTC-0400,"{""mTarget"":6500,""mValue"":10405}",+OWbbAvnWG,com.sec.android.app.shealth,tracker.pedometer,2023-04-01 04:00:00.000,6627a781-8643-40c1-adbb-9ec549bae1ac,1,
2023-03-19 04:00:00.000,,100003.0,,2023-03-20 04:00:04.116,2023-03-20 04:00:04.116,,,tracker_pedometer_reward_most_walking_day,UTC-0400,"{""mTarget"":-1,""mValue"":10952}",+OWbbAvnWG,com.sec.android.app.shealth,tracker.pedometer,2023-03-19 04:00:00.000,48444b05-25f5-4364-bce9-331e4e4fa337,1,
2023-02-08 05:00:00.000,,100003.0,,2023-03-07 00:16:28.200,2023-02-09 03:50:59.964,,,tracker_pedometer_reward_target_achieved,UTC-0500,"{""mTarget"":6000,""mValue"":6809}",+OWbbAvnWG,com.sec.android.app.shealth,tracker.pedometer,2023-02-08 05:00:00.000,13373b46-2e3b-4b78-b120-af9cd9d89e0a,1,
2022-10-06 04:00:00.000,,100003.0,,2022-10-30 04:59:20.892,2022-10-06 18:33:07.381,,,tracker_pedometer_reward_target_achieved,UTC-0400,"{""mTarget"":6000,""mValue"":11151}",+OWbbAvnWG,com.sec.android.app.shealth,tracker.pedometer,2022-10-06 04:00:00.000,e7fbf0c9-ce54-4c2f-80d6-2da284bd5b85,1,
2023-03-27 04:00:00.000,,100003.0,,2023-04-21 22:49:56.460,2023-03-27 21:43:43.043,,,tracker_pedometer_reward_target_achieved,UTC-0400,"{""mTarget"":6500,""mValue"":7507}",+OWbbAvnWG,com.sec.android.app.shealth,tracker.pedometer,2023-03-27 04:00:00.000,777aaf6e-0e7d-45a5-bd06-29f445361f4d,1,
2023-01-21 05:00:00.000,,100003.0,,2023-02-14 19:41:01.444,2023-02-14 19:41:01.444,,,tracker_pedometer_reward_most_walking_day,UTC-0500,"{""mTarget"":-1,""mValue"":15487}",+OWbbAvnWG,com.sec.android.app.shealth,tracker.pedometer,2023-01-21 05:00:00.000,57f2179d-5475-4760-90c1-3770c6981276,1,
,15002.0,,1cb82b00-0a29-4413-92be-b439d552086f,2023-05-15 20:41:38.742,2023-04-01 17:50:08.377,,,1203,UTC-0400,4211970,+OWbbAvnWG,com.sec.android.app.shealth,sport.tracker.best.record.duration.lifetime,2023-04-01 17:49:55.653,0dcb6d02-b399-4de2-bf58-6fcece5138cd,0,
2023-04-02 04:00:00.000,,100003.0,,2023-04-03 04:00:04.473,2023-04-03 04:00:04.473,,,tracker_pedometer_reward_most_walking_day,UTC-0400,"{""mTarget"":-1,""mValue"":11138}",+OWbbAvnWG,com.sec.android.app.shealth,tracker.pedometer,2023-04-02 04:00:00.000,78ed9de5-3d56-47e7-bcd1-d1d4470d3198,1,
2022-10-02 04:00:00.000,,100003.0,,2022-10-11 16:15:35.461,2022-10-11 16:15:35.461,,,tracker_pedometer_reward_most_walking_day,UTC-0400,"{""mTarget"":-1,""mValue"":12377}",+OWbbAvnWG,com.sec.android.app.shealth,tracker.pedometer,2022-10-02 04:00:00.000,114938ac-d58b-48a8-a38d-9ba64a2015ae,1,
2023-04-02 04:00:00.000,,10009.0,,2023-04-08 04:00:03.977,2023-04-03 04:00:02.409,,,tracker_pedometer_reward_target_achieved,UTC-0400,"{""mTarget"":6500,""mValue"":6866}",+OWbbAvnWG,com.sec.android.app.shealth,tracker.pedometer,2023-04-02 04:00:00.000,180a3582-7242-49c7-a5d2-c8b3d1995594,1,
2023-04-03 04:00:00.000,,100003.0,,2023-04-30 16:15:46.540,2023-04-03 19:45:11.683,,,tracker_pedometer_reward_target_achieved,UTC-0400,"{""mTarget"":6500,""mValue"":6834}",+OWbbAvnWG,com.sec.android.app.shealth,tracker.pedometer,2023-04-03 04:00:00.000,b44f8d22-7dfe-42eb-9339-1182148a315f,1,
,1001.0,,0845f9ac-bac3-451d-b158-cb3e3c7be99d,2023-04-09 19:23:21.128,2023-04-03 16:34:22.283,,,1205,UTC-0400,611.151,+OWbbAvnWG,com.sec.android.app.shealth,sport.tracker.best.record.calories.lifetime,2023-04-03 15:24:01.016,0fd70a54-bf51-4e75-8f44-f3da4d4c5584,0,
2023-02-18 05:00:00.000,,10299999.0,,2023-02-24 05:20:57.915,2023-02-19 05:00:03.081,,,tracker_pedometer_reward_target_achieved,UTC-0500,"{""mTarget"":6500,""mValue"":7461}",+OWbbAvnWG,com.sec.android.app.shealth,tracker.pedometer,2023-02-18 05:00:00.000,86a3ab7f-a038-4e85-8474-f98ccf69a423,1,
2023-04-06 04:00:00.000,,10009.0,,2023-04-12 04:15:01.748,2023-04-07 04:00:02.295,,,tracker_pedometer_reward_target_achieved,UTC-0400,"{""mTarget"":6500,""mValue"":8777}",+OWbbAvnWG,com.sec.android.app.shealth,tracker.pedometer,2023-04-06 04:00:00.000,3a189af9-6a73-4d3f-b25b-1d77f06e6355,1,
2022-11-03 04:00:00.000,,100003.0,,2022-11-23 22:17:22.731,2022-11-04 02:51:08.235,,,tracker_pedometer_reward_target_achieved,UTC-0400,"{""mTarget"":6000,""mValue"":6746}",+OWbbAvnWG,com.sec.android.app.shealth,tracker.pedometer,2022-11-03 04:00:00.000,c048eb6b-f881-4235-9be4-9ecc710a858b,1,
2023-04-01 04:00:00.000,,100003.0,,2023-04-07 04:00:03.209,2023-04-07 04:00:03.209,,,tracker_pedometer_reward_most_walking_day,UTC-0400,"{""mTarget"":-1,""mValue"":10405}",+OWbbAvnWG,com.sec.android.app.shealth,tracker.pedometer,2023-04-01 04:00:00.000,4b41599d-af38-4ea0-ab41-5e5e91e3765e,1,
2023-04-08 04:00:00.000,,100003.0,,2023-04-30 16:15:46.205,2023-04-08 19:46:51.601,,,tracker_pedometer_reward_target_achieved,UTC-0400,"{""mTarget"":6500,""mValue"":9806}",+OWbbAvnWG,com.sec.android.app.shealth,tracker.pedometer,2023-04-08 04:00:00.000,acd11f97-20ae-43cd-b93d-898f13e24676,1,
2023-02-20 05:00:00.000,,10299999.0,,2023-02-26 06:36:19.007,2023-02-21 05:00:19.032,,,tracker_pedometer_reward_target_achieved,UTC-0500,"{""mTarget"":6500,""mValue"":7130}",+OWbbAvnWG,com.sec.android.app.shealth,tracker.pedometer,2023-02-20 05:00:00.000,76e7a4aa-9438-439a-81af-1bd2e0fbbe72,1,
,1001.0,,041d688d-ab0a-4f90-a7a8-f0f945a4c22b,2023-04-09 19:23:21.168,2023-04-09 19:23:21.168,,,1205,UTC-0400,822.095,+OWbbAvnWG,com.sec.android.app.shealth,sport.tracker.best.record.calories.lifetime,2023-04-09 19:23:08.040,5777c4a4-6f71-46a1-8a2a-1c2cecc158a3,1,
2023-04-08 04:00:00.000,,10009.0,,2023-04-14 04:00:07.307,2023-04-09 04:58:12.875,,,tracker_pedometer_reward_target_achieved,UTC-0400,"{""mTarget"":6500,""mValue"":6701}",+OWbbAvnWG,com.sec.android.app.shealth,tracker.pedometer,2023-04-08 04:00:00.000,3890f022-6d37-44a5-902e-aacd468d6122,1,
2022-12-09 05:00:00.000,,10009.0,,2022-12-15 05:00:03.701,2022-12-10 05:35:29.847,,,tracker_pedometer_reward_target_achieved,UTC-0500,"{""mTarget"":6000,""mValue"":7694}",+OWbbAvnWG,com.sec.android.app.shealth,tracker.pedometer,2022-12-09 05:00:00.000,93b7abbf-8551-4d08-84ef-ccbc26ffff36,1,
2023-04-06 04:00:00.000,,100003.0,,2023-04-10 04:00:14.670,2023-04-10 04:00:14.670,,,tracker_pedometer_reward_most_walking_day,UTC-0400,"{""mTarget"":-1,""mValue"":11243}",+OWbbAvnWG,com.sec.android.app.shealth,tracker.pedometer,2023-04-06 04:00:00.000,91a80bbf-91d3-44c7-9d3a-235f95e46238,1,
,1001.0,,73f82202-53ad-4db4-8dd4-f9abc03d1b37,2023-05-12 23:31:36.309,2023-03-01 03:45:29.393,,,1201,UTC-0500,2.693,+OWbbAvnWG,com.sec.android.app.shealth,sport.tracker.best.record.speed.lifetime,2023-03-01 03:45:18.270,062d453b-7d85-4ded-9aa5-ea802db67e57,0,
2023-04-14 04:00:00.000,,100003.0,,2023-04-16 04:00:02.507,2023-04-16 04:00:02.507,,,tracker_pedometer_reward_most_walking_day,UTC-0400,"{""mTarget"":-1,""mValue"":12222}",+OWbbAvnWG,com.sec.android.app.shealth,tracker.pedometer,2023-04-14 04:00:00.000,05f7f00c-a031-41b7-8640-3ea9d2bd4f1b,1,
2022-12-24 05:00:00.000,,100003.0,,2023-01-16 23:27:07.305,2022-12-25 04:03:48.600,,,tracker_pedometer_reward_target_achieved,UTC-0500,"{""mTarget"":6000,""mValue"":6872}",+OWbbAvnWG,com.sec.android.app.shealth,tracker.pedometer,2022-12-24 05:00:00.000,c0d14653-0cea-40c5-8e33-b3c593350007,1,
2023-04-09 04:00:00.000,,10009.0,,2023-04-15 04:00:03.634,2023-04-10 04:00:03.316,,,tracker_pedometer_reward_target_achieved,UTC-0400,"{""mTarget"":6500,""mValue"":11369}",+OWbbAvnWG,com.sec.android.app.shealth,tracker.pedometer,2023-04-09 04:00:00.000,97119d5f-9f53-4aca-a0d4-e42fa5f6794b,1,
2023-03-11 05:00:00.000,,100003.0,,2023-03-13 04:00:02.795,2023-03-12 05:00:03.964,,,tracker_pedometer_reward_most_walking_day,UTC-0500,"{""mTarget"":-1,""mValue"":10914}",+OWbbAvnWG,com.sec.android.app.shealth,tracker.pedometer,2023-03-11 05:00:00.000,12c132e8-ea06-4c04-9d50-c01cc56c2441,1,
2023-04-28 04:00:00.000,,10009.0,,2023-05-04 04:00:02.431,2023-04-29 04:00:03.164,,,tracker_pedometer_reward_target_achieved,UTC-0400,"{""mTarget"":6500,""mValue"":11101}",+OWbbAvnWG,com.sec.android.app.shealth,tracker.pedometer,2023-04-28 04:00:00.000,906f7ca1-1be3-4b00-b886-562f8da6a9d1,1,
,1001.0,,c2281b4d-7081-4d92-bd0c-959415439400,2023-04-09 19:23:21.128,2023-02-20 22:27:03.616,,,1205,UTC-0500,571.201,+OWbbAvnWG,com.sec.android.app.shealth,sport.tracker.best.record.calories.lifetime,2023-02-20 21:59:49.141,e4f72d18-fdc0-401c-92e5-0694b56dbd36,0,
2023-01-09 05:00:00.000,,100003.0,,2023-02-02 23:42:34.491,2023-01-09 20:07:49.816,,,tracker_pedometer_reward_target_achieved,UTC-0500,"{""mTarget"":6000,""mValue"":7376}",+OWbbAvnWG,com.sec.android.app.shealth,tracker.pedometer,2023-01-09 05:00:00.000,6f6bd7a9-9209-4a07-b1b6-e0da3a57a1f7,1,
2023-05-07 04:00:00.000,,10009.0,,2023-05-13 04:00:04.306,2023-05-08 04:12:49.555,,,tracker_pedometer_reward_target_achieved,UTC-0400,"{""mTarget"":6500,""mValue"":9055}",+OWbbAvnWG,com.sec.android.app.shealth,tracker.pedometer,2023-05-07 04:00:00.000,5ae54e5e-e813-49ad-80da-d3451e2ba561,1,
,15002.0,,cd4dea51-5a16-4931-be1a-23359a63e32b,2023-05-15 20:41:38.742,2023-03-18 19:48:54.858,,,1203,UTC-0400,1962151,+OWbbAvnWG,com.sec.android.app.shealth,sport.tracker.best.record.duration.lifetime,2023-03-18 19:48:45.481,583942bc-7a2e-4e1e-a0cd-5555ac7f6fc0,0,
2023-04-06 04:00:00.000,,100003.0,,2023-04-11 04:00:07.235,2023-04-11 04:00:07.235,,,tracker_pedometer_reward_most_walking_day,UTC-0400,"{""mTarget"":-1,""mValue"":11243}",+OWbbAvnWG,com.sec.android.app.shealth,tracker.pedometer,2023-04-06 04:00:00.000,ef56c9d2-766e-4771-8986-a0e31c67767d,1,
,15005.0,,b44327e3-72b8-492e-830c-1903dbac5dc8,2023-05-09 12:50:44.397,2023-05-09 12:50:44.397,,,1205,UTC-0400,260.2,+OWbbAvnWG,com.sec.android.app.shealth,sport.tracker.best.record.calories.lifetime,2023-05-09 12:50:36.519,080ea57a-30a9-4850-8c02-b3d222a51c9a,1,
2023-01-21 05:00:00.000,,100003.0,,2023-02-15 20:18:27.097,2023-01-21 21:01:41.527,,,tracker_pedometer_reward_target_achieved,UTC-0500,"{""mTarget"":6000,""mValue"":15487}",+OWbbAvnWG,com.sec.android.app.shealth,tracker.pedometer,2023-01-21 05:00:00.000,9ab0f7c5-8886-443f-b381-0308f8e16cb7,1,
,1001.0,,ff34b9fa-3a7e-454b-8995-919d4bfaf420,2023-05-12 23:31:36.454,2023-05-12 23:31:36.454,,,1201,UTC-0400,2.829,+OWbbAvnWG,com.sec.android.app.shealth,sport.tracker.best.record.speed.lifetime,2023-05-12 23:31:25.840,6ad167e5-ea5f-49e2-88ac-dd842ce699ea,1,
2023-03-19 04:00:00.000,,100003.0,,2023-04-03 16:34:25.708,2023-03-19 22:36:39.658,,,tracker_pedometer_reward_target_achieved,UTC-0400,"{""mTarget"":6500,""mValue"":10952}",+OWbbAvnWG,com.sec.android.app.shealth,tracker.pedometer,2023-03-19 04:00:00.000,49f29448-ba5d-45d4-910f-70f4b3844563,1,
2023-05-14 04:00:00.000,,10009.0,,2023-05-20 04:00:06.246,2023-05-15 04:28:03.194,,,tracker_pedometer_reward_target_achieved,UTC-0400,"{""mTarget"":6500,""mValue"":7900}",+OWbbAvnWG,com.sec.android.app.shealth,tracker.pedometer,2023-05-14 04:00:00.000,e352c0cc-58fd-4491-81e9-b815c23217e6,1,
2023-03-22 04:00:00.000,,100003.0,,2023-04-19 00:30:40.035,2023-03-23 02:18:14.255,,,tracker_pedometer_reward_target_achieved,UTC-0400,"{""mTarget"":6500,""mValue"":7474}",+OWbbAvnWG,com.sec.android.app.shealth,tracker.pedometer,2023-03-22 04:00:00.000,cb2fa2aa-4a9e-4d6d-83b3-926103c5fd03,1,
2022-10-29 04:00:00.000,,100003.0,,2022-11-23 22:17:22.963,2022-10-29 23:48:56.228,,,tracker_pedometer_reward_target_achieved,UTC-0400,"{""mTarget"":6000,""mValue"":6946}",+OWbbAvnWG,com.sec.android.app.shealth,tracker.pedometer,2022-10-29 04:00:00.000,32fc8cb8-9787-4ff6-9a8f-ae9c200ddb80,1,
2023-01-23 05:00:00.000,,100003.0,,2023-02-19 08:00:35.921,2023-01-24 01:33:53.271,,,tracker_pedometer_reward_target_achieved,UTC-0500,"{""mTarget"":6000,""mValue"":6568}",+OWbbAvnWG,com.sec.android.app.shealth,tracker.pedometer,2023-01-23 05:00:00.000,e4108204-7197-4cfd-a075-b88eb0602412,1,
2023-04-16 04:00:00.000,,100003.0,,2023-05-11 20:47:07.436,2023-04-16 19:55:02.903,,,tracker_pedometer_reward_target_achieved,UTC-0400,"{""mTarget"":6500,""mValue"":8788}",+OWbbAvnWG,com.sec.android.app.shealth,tracker.pedometer,2023-04-16 04:00:00.000,69eeed2f-7cae-4ced-a2f8-f07fbcaa8fc4,1,
2023-03-30 04:00:00.000,,10299999.0,,2023-04-05 04:00:32.785,2023-04-01 04:00:02.993,,,tracker_pedometer_reward_target_achieved,UTC-0400,"{""mTarget"":6500,""mValue"":6537}",+OWbbAvnWG,com.sec.android.app.shealth,tracker.pedometer,2023-03-30 04:00:00.000,e94df3f4-00f8-42b2-abad-8decdadb799e,1,
2023-02-27 05:00:00.000,,100003.0,,2023-03-21 02:59:19.794,2023-02-27 22:53:35.166,,,tracker_pedometer_reward_target_achieved,UTC-0500,"{""mTarget"":6500,""mValue"":7324}",+OWbbAvnWG,com.sec.android.app.shealth,tracker.pedometer,2023-02-27 05:00:00.000,db22e801-37c8-4bcc-99d7-bcc0beb9ea83,1,
2023-02-08 05:00:00.000,,10299999.0,,2023-02-15 20:18:28.866,2023-02-10 05:00:03.441,,,tracker_pedometer_reward_target_achieved,UTC-0500,"{""mTarget"":6000,""mValue"":6364}",+OWbbAvnWG,com.sec.android.app.shealth,tracker.pedometer,2023-02-08 05:00:00.000,62fb9cff-1791-418f-a984-92d7230b7768,1,
2023-04-28 04:00:00.000,,100003.0,,2023-04-29 04:00:04.941,2023-04-29 04:00:04.941,,,tracker_pedometer_reward_most_walking_day,UTC-0400,"{""mTarget"":-1,""mValue"":11734}",+OWbbAvnWG,com.sec.android.app.shealth,tracker.pedometer,2023-04-28 04:00:00.000,4ab2f47a-5e49-43e9-9f8d-8d6fb21c1e3e,1,
2023-04-01 04:00:00.000,,10299999.0,,2023-04-07 04:00:06.208,2023-04-02 04:00:03.710,,,tracker_pedometer_reward_target_achieved,UTC-0400,"{""mTarget"":6500,""mValue"":7820}",+OWbbAvnWG,com.sec.android.app.shealth,tracker.pedometer,2023-04-01 04:00:00.000,d4c77f3c-f135-42a7-b81b-1a2ee45aa63b,1,
2023-01-21 05:00:00.000,,100003.0,,2023-02-15 20:18:27.104,2023-02-15 20:18:27.104,,,tracker_pedometer_reward_most_walking_day,UTC-0500,"{""mTarget"":-1,""mValue"":15487}",+OWbbAvnWG,com.sec.android.app.shealth,tracker.pedometer,2023-01-21 05:00:00.000,518fee58-f0d0-4b70-8043-8d745cd6a6cb,1,
2022-11-29 05:00:00.000,,100003.0,,2022-12-24 10:00:49.714,2022-11-29 22:10:09.775,,,tracker_pedometer_reward_target_achieved,UTC-0500,"{""mTarget"":6000,""mValue"":6846}",+OWbbAvnWG,com.sec.android.app.shealth,tracker.pedometer,2022-11-29 05:00:00.000,8a279b9f-65d7-4791-ab50-b1fa9f9f102c,1,
,15002.0,,af9b4b8b-467e-42d4-81a6-86a451226124,2023-05-15 20:41:38.742,2023-05-08 19:34:44.271,,,1203,UTC-0400,4412277,+OWbbAvnWG,com.sec.android.app.shealth,sport.tracker.best.record.duration.lifetime,2023-05-08 19:34:35.167,15f9c62b-e0f2-4283-9d8a-7402123bd2da,0,
,1001.0,,0845f9ac-bac3-451d-b158-cb3e3c7be99d,2023-04-09 19:23:21.065,2023-04-03 16:34:21.615,,,1200,UTC-0400,4407.9434,+OWbbAvnWG,com.sec.android.app.shealth,sport.tracker.best.record.distance.lifetime,2023-04-03 15:24:01.016,d24a605d-b596-47fa-8469-66f1d1f969bd,0,
2023-04-01 04:00:00.000,,100003.0,,2023-04-06 04:00:13.819,2023-04-06 04:00:13.819,,,tracker_pedometer_reward_most_walking_day,UTC-0400,"{""mTarget"":-1,""mValue"":10405}",+OWbbAvnWG,com.sec.android.app.shealth,tracker.pedometer,2023-04-01 04:00:00.000,27e4c978-20d7-4596-a8f6-483d55799b47,1,
2022-12-21 05:00:00.000,,10009.0,,2022-12-27 05:00:03.676,2022-12-22 06:57:01.685,,,tracker_pedometer_reward_target_achieved,UTC-0500,"{""mTarget"":6000,""mValue"":6021}",+OWbbAvnWG,com.sec.android.app.shealth,tracker.pedometer,2022-12-21 05:00:00.000,c6aa64ec-44fb-401b-9317-66dbdf24be44,1,
2023-05-09 12:10:00.000,,,,2023-05-09 13:43:39.864,2023-05-09 13:43:39.864,,,goal_sleep_TYPE_GOAL_DAILY_BED_TIME,UTC-0400,3,+OWbbAvnWG,com.sec.android.app.shealth,Sleep.Goal,2023-05-09 05:00:00.000,51d15368-ab57-43d2-a13f-f21c594642e1,1,
2023-04-01 04:00:00.000,,100003.0,,2023-04-07 04:00:05.721,2023-04-07 04:00:05.721,,,tracker_pedometer_reward_most_walking_day,UTC-0400,"{""mTarget"":-1,""mValue"":10405}",+OWbbAvnWG,com.sec.android.app.shealth,tracker.pedometer,2023-04-01 04:00:00.000,52e3d8c2-90bb-48a0-8995-9603819ba336,1,
,1001.0,,041d688d-ab0a-4f90-a7a8-f0f945a4c22b,2023-04-09 19:23:21.149,2023-04-09 19:23:21.149,,,1200,UTC-0400,9567.82,+OWbbAvnWG,com.sec.android.app.shealth,sport.tracker.best.record.distance.lifetime,2023-04-09 19:23:08.040,7cee4fc3-55c5-4131-926c-4d226406d2f8,1,
2023-01-06 05:00:00.000,,100003.0,,2023-01-07 05:00:02.678,2023-01-07 05:00:02.678,,,tracker_pedometer_reward_most_walking_day,UTC-0500,"{""mTarget"":-1,""mValue"":10733}",+OWbbAvnWG,com.sec.android.app.shealth,tracker.pedometer,2023-01-06 05:00:00.000,92d705f8-7e38-4bf6-966e-834e540acafa,1,
2023-05-12 04:00:00.000,,100003.0,,2023-05-18 04:00:07.252,2023-05-13 02:15:01.310,,,tracker_pedometer_reward_target_achieved,UTC-0400,"{""mTarget"":6500,""mValue"":6509}",+OWbbAvnWG,com.sec.android.app.shealth,tracker.pedometer,2023-05-12 04:00:00.000,5ae1aa67-25a4-43ad-bfe7-d5be3274bf3e,1,
2023-02-20 05:00:00.000,,100003.0,,2023-03-16 23:20:17.863,2023-02-20 20:58:31.064,,,tracker_pedometer_reward_target_achieved,UTC-0500,"{""mTarget"":6500,""mValue"":8311}",+OWbbAvnWG,com.sec.android.app.shealth,tracker.pedometer,2023-02-20 05:00:00.000,1816eae4-5ebf-4546-bb4e-ce956ca0fb5e,1,
2023-04-09 04:00:00.000,,10299999.0,,2023-04-15 04:00:04.760,2023-04-10 04:00:06.199,,,tracker_pedometer_reward_target_achieved,UTC-0400,"{""mTarget"":6500,""mValue"":12507}",+OWbbAvnWG,com.sec.android.app.shealth,tracker.pedometer,2023-04-09 04:00:00.000,5eb93019-4566-4473-81b1-26c433010140,1,
2023-03-11 05:00:00.000,,100003.0,,2023-04-03 16:34:28.950,2023-03-11 21:33:49.384,,,tracker_pedometer_reward_target_achieved,UTC-0500,"{""mTarget"":6500,""mValue"":10914}",+OWbbAvnWG,com.sec.android.app.shealth,tracker.pedometer,2023-03-11 05:00:00.000,ef42fff7-0aff-4186-b4a4-5574f3f72129,1,
,15002.0,,c9855aae-ba50-4d19-acf9-6137c48edf8e,2023-05-15 20:41:38.869,2023-05-15 20:41:38.869,,,1203,UTC-0400,4845991,+OWbbAvnWG,com.sec.android.app.shealth,sport.tracker.best.record.duration.lifetime,2023-05-15 20:41:29.876,33526799-c4d9-4ac0-a21f-d2d6362bcf70,1,
2023-02-21 05:00:00.000,,100003.0,,2023-03-21 02:59:20.882,2023-02-21 23:46:58.517,,,tracker_pedometer_reward_target_achieved,UTC-0500,"{""mTarget"":6500,""mValue"":9204}",+OWbbAvnWG,com.sec.android.app.shealth,tracker.pedometer,2023-02-21 05:00:00.000,5fe2027f-d8c3-4974-a9f5-67ebb9b95377,1,
2023-01-19 05:00:00.000,,100003.0,,2023-02-15 20:18:27.093,2023-01-19 19:25:40.984,,,tracker_pedometer_reward_target_achieved,UTC-0500,"{""mTarget"":6000,""mValue"":7204}",+OWbbAvnWG,com.sec.android.app.shealth,tracker.pedometer,2023-01-19 05:00:00.000,4f84e29a-d476-4ea4-b202-1c43c84cdd91,1,
2023-04-14 04:00:00.000,,10009.0,,2023-04-20 04:36:59.449,2023-04-15 04:00:01.550,,,tracker_pedometer_reward_target_achieved,UTC-0400,"{""mTarget"":6500,""mValue"":9949}",+OWbbAvnWG,com.sec.android.app.shealth,tracker.pedometer,2023-04-14 04:00:00.000,0f3c48ef-36c0-48ad-9d20-90390cab335c,1,
2023-04-26 04:00:00.000,,10009.0,,2023-05-02 04:00:05.371,2023-04-27 04:00:02.544,,,tracker_pedometer_reward_target_achieved,UTC-0400,"{""mTarget"":6500,""mValue"":6672}",+OWbbAvnWG,com.sec.android.app.shealth,tracker.pedometer,2023-04-26 04:00:00.000,c0e0550e-7634-4357-81f7-250d66ced2ed,1,
2023-01-21 05:00:00.000,,10299999.0,,2023-02-15 20:18:28.862,2023-01-22 05:00:19.083,,,tracker_pedometer_reward_target_achieved,UTC-0500,"{""mTarget"":6000,""mValue"":12226}",+OWbbAvnWG,com.sec.android.app.shealth,tracker.pedometer,2023-01-21 05:00:00.000,32959cf7-eddc-49eb-9996-3cb97f1bec1f,1,
2023-05-01 04:00:00.000,,10009.0,,2023-05-07 04:00:06.386,2023-05-02 04:00:02.632,,,tracker_pedometer_reward_target_achieved,UTC-0400,"{""mTarget"":6500,""mValue"":8811}",+OWbbAvnWG,com.sec.android.app.shealth,tracker.pedometer,2023-05-01 04:00:00.000,e0a65e6b-ce8f-4d98-8715-5e04714f5aab,1,
2023-03-05 05:00:00.000,,100003.0,,2023-03-28 17:19:18.099,2023-03-05 21:52:30.875,,,tracker_pedometer_reward_target_achieved,UTC-0500,"{""mTarget"":6500,""mValue"":9102}",+OWbbAvnWG,com.sec.android.app.shealth,tracker.pedometer,2023-03-05 05:00:00.000,3bb0bcc0-9aa5-4891-a8af-ccf0229808d8,1,
,15002.0,,804fcf2b-1a45-41a6-9cdd-ef14c6031f2e,2023-05-08 19:34:44.246,2023-03-13 22:27:48.410,,,1205,UTC-0400,303.51004,+OWbbAvnWG,com.sec.android.app.shealth,sport.tracker.best.record.calories.lifetime,2023-03-13 22:27:40.727,605bf642-6143-4f44-8049-e056e119089a,0,
2023-05-08 04:00:00.000,,10009.0,,2023-05-14 04:00:07.229,2023-05-09 04:00:01.909,,,tracker_pedometer_reward_target_achieved,UTC-0400,"{""mTarget"":6500,""mValue"":7836}",+OWbbAvnWG,com.sec.android.app.shealth,tracker.pedometer,2023-05-08 04:00:00.000,5390a3da-9a44-48bd-a848-ce07302f63e8,1,
2023-01-30 05:00:00.000,,100003.0,,2023-02-26 06:36:13.153,2023-01-31 00:23:50.490,,,tracker_pedometer_reward_target_achieved,UTC-0500,"{""mTarget"":6000,""mValue"":6250}",+OWbbAvnWG,com.sec.android.app.shealth,tracker.pedometer,2023-01-30 05:00:00.000,b7a4acc2-143a-499d-9881-803c6fd384c5,1,
2022-09-29 10:22:00.000,,,,2023-05-09 13:43:39.864,2023-05-09 13:43:39.864,,,goal_sleep_TYPE_GOAL_DAILY_WAKEUP_TIME,UTC-0400,1,+OWbbAvnWG,com.sec.android.app.shealth,Sleep.Goal,2022-09-29 06:27:00.000,b053d8d2-fead-4e15-a5ba-3630d6561afc,0,
,15002.0,,d972344c-fba4-4cb9-9392-f0935660d9a1,2023-05-15 20:41:38.742,2023-03-19 17:25:46.056,,,1203,UTC-0400,3618393,+OWbbAvnWG,com.sec.android.app.shealth,sport.tracker.best.record.duration.lifetime,2023-03-19 17:25:37.361,9b574352-ca28-4f90-ae97-bc0abb01b07e,0,
2023-03-11 05:00:00.000,,10299999.0,,2023-03-17 04:00:07.987,2023-03-12 05:00:04.375,,,tracker_pedometer_reward_target_achieved,UTC-0500,"{""mTarget"":6500,""mValue"":8317}",+OWbbAvnWG,com.sec.android.app.shealth,tracker.pedometer,2023-03-11 05:00:00.000,9acb120a-9a9f-4a88-b6d1-b10b659cc39c,1,
2023-05-13 04:00:00.000,,10299999.0,,2023-05-19 04:00:06.496,2023-05-14 04:00:06.626,,,tracker_pedometer_reward_target_achieved,UTC-0400,"{""mTarget"":6500,""mValue"":7993}",+OWbbAvnWG,com.sec.android.app.shealth,tracker.pedometer,2023-05-13 04:00:00.000,a313807d-70a6-4b4b-a6f3-8808e5b4c271,1,
2023-02-11 05:00:00.000,,10299999.0,,2023-02-17 05:00:06.007,2023-02-12 05:00:02.770,,,tracker_pedometer_reward_target_achieved,UTC-0500,"{""mTarget"":6000,""mValue"":10817}",+OWbbAvnWG,com.sec.android.app.shealth,tracker.pedometer,2023-02-11 05:00:00.000,719dd639-5af2-4084-8c80-80e89c21aa0a,1,
,15002.0,,9cf1419b-ae37-479a-ad87-cd8f14ac867e,2023-05-15 20:41:38.742,2023-03-21 22:35:12.670,,,1203,UTC-0400,4046739,+OWbbAvnWG,com.sec.android.app.shealth,sport.tracker.best.record.duration.lifetime,2023-03-21 22:35:03.494,0254bc73-bf2f-4f44-b304-20175250ef14,0,
2023-05-20 04:00:00.000,,100003.0,,2023-05-21 04:00:06.570,2023-05-21 03:10:04.971,,,tracker_pedometer_reward_target_achieved,UTC-0400,"{""mTarget"":6500,""mValue"":6920}",+OWbbAvnWG,com.sec.android.app.shealth,tracker.pedometer,2023-05-20 04:00:00.000,07858255-d3a3-4711-ad30-7612f29131ca,1,
,15002.0,,cd4dea51-5a16-4931-be1a-23359a63e32b,2023-05-08 19:34:44.246,2023-03-18 19:48:54.869,,,1205,UTC-0400,325.39,+OWbbAvnWG,com.sec.android.app.shealth,sport.tracker.best.record.calories.lifetime,2023-03-18 19:48:45.481,2ab13041-cc31-43d1-aec5-58afca2c92c7,0,
2023-02-18 05:00:00.000,,100003.0,,2023-03-16 23:20:18.056,2023-02-18 21:38:23.038,,,tracker_pedometer_reward_target_achieved,UTC-0500,"{""mTarget"":6500,""mValue"":8675}",+OWbbAvnWG,com.sec.android.app.shealth,tracker.pedometer,2023-02-18 05:00:00.000,f244769b-997c-4ea4-b1f5-988faab8e56b,1,
2023-03-30 04:00:00.000,,100003.0,,2023-04-25 17:05:24.463,2023-03-31 01:34:57.849,,,tracker_pedometer_reward_target_achieved,UTC-0400,"{""mTarget"":6500,""mValue"":7015}",+OWbbAvnWG,com.sec.android.app.shealth,tracker.pedometer,2023-03-30 04:00:00.000,53614c51-94b0-4bc7-8ab1-178fbe4db07a,1,
2023-03-19 04:00:00.000,,10009.0,,2023-03-25 04:00:11.520,2023-03-20 04:00:03.239,,,tracker_pedometer_reward_target_achieved,UTC-0400,"{""mTarget"":6500,""mValue"":6638}",+OWbbAvnWG,com.sec.android.app.shealth,tracker.pedometer,2023-03-19 04:00:00.000,79805a4e-570b-4c69-929f-d1347e90315e,1,
2023-02-20 05:00:00.000,,10009.0,,2023-02-26 06:36:09.002,2023-02-21 05:00:17.958,,,tracker_pedometer_reward_target_achieved,UTC-0500,"{""mTarget"":6500,""mValue"":6903}",+OWbbAvnWG,com.sec.android.app.shealth,tracker.pedometer,2023-02-20 05:00:00.000,c73b76ce-fb66-40c8-85b6-43d2e241eceb,1,
2023-04-01 04:00:00.000,,10009.0,,2023-04-07 04:00:04.782,2023-04-02 04:00:01.829,,,tracker_pedometer_reward_target_achieved,UTC-0400,"{""mTarget"":6500,""mValue"":6675}",+OWbbAvnWG,com.sec.android.app.shealth,tracker.pedometer,2023-04-01 04:00:00.000,930c23fa-d821-4c32-998a-4adee686829e,1,
2023-03-26 04:00:00.000,,100003.0,,2023-04-21 22:49:56.567,2023-03-27 00:15:03.700,,,tracker_pedometer_reward_target_achieved,UTC-0400,"{""mTarget"":6500,""mValue"":8026}",+OWbbAvnWG,com.sec.android.app.shealth,tracker.pedometer,2023-03-26 04:00:00.000,8eddee4a-c16c-442f-be0f-3ef43a28577b,1,
2023-02-28 05:00:00.000,,100003.0,,2023-03-21 02:59:19.486,2023-03-01 03:44:58.329,,,tracker_pedometer_reward_target_achieved,UTC-0500,"{""mTarget"":6500,""mValue"":7370}",+OWbbAvnWG,com.sec.android.app.shealth,tracker.pedometer,2023-02-28 05:00:00.000,448859aa-db69-4c00-afeb-48b4b45a9427,1,
2023-04-02 04:00:00.000,,10299999.0,,2023-04-08 04:00:12.770,2023-04-03 04:00:04.991,,,tracker_pedometer_reward_target_achieved,UTC-0400,"{""mTarget"":6500,""mValue"":9850}",+OWbbAvnWG,com.sec.android.app.shealth,tracker.pedometer,2023-04-02 04:00:00.000,a1837065-6de7-45f4-a6e2-5dae60673e57,1,
2023-03-31 04:00:00.000,,10299999.0,,2023-04-06 04:00:19.702,2023-04-01 04:00:02.997,,,tracker_pedometer_reward_target_achieved,UTC-0400,"{""mTarget"":6500,""mValue"":7777}",+OWbbAvnWG,com.sec.android.app.shealth,tracker.pedometer,2023-03-31 04:00:00.000,67414833-137d-492c-b542-a2771a7be7ca,1,
2023-03-11 05:00:00.000,,10009.0,,2023-03-17 04:00:06.864,2023-03-12 05:00:02.208,,,tracker_pedometer_reward_target_achieved,UTC-0500,"{""mTarget"":6500,""mValue"":7920}",+OWbbAvnWG,com.sec.android.app.shealth,tracker.pedometer,2023-03-11 05:00:00.000,d97be68b-7625-4928-b493-e7c207726927,1,
2023-04-01 04:00:00.000,,100003.0,,2023-04-04 04:00:17.691,2023-04-04 04:00:17.691,,,tracker_pedometer_reward_most_walking_day,UTC-0400,"{""mTarget"":-1,""mValue"":10405}",+OWbbAvnWG,com.sec.android.app.shealth,tracker.pedometer,2023-04-01 04:00:00.000,60cb289b-b957-4e44-8028-b4256d58153d,1,
2023-04-02 04:00:00.000,,100003.0,,2023-04-25 17:05:23.951,2023-04-02 20:57:47.411,,,tracker_pedometer_reward_target_achieved,UTC-0400,"{""mTarget"":6500,""mValue"":11138}",+OWbbAvnWG,com.sec.android.app.shealth,tracker.pedometer,2023-04-02 04:00:00.000,862f7eae-cbc5-45d5-9482-7b18e6c90213,1,
2023-03-12 05:00:00.000,,10299999.0,,2023-03-18 04:00:06.724,2023-03-14 04:00:02.935,,,tracker_pedometer_reward_target_achieved,UTC-0500,"{""mTarget"":6500,""mValue"":6630}",+OWbbAvnWG,com.sec.android.app.shealth,tracker.pedometer,2023-03-12 05:00:00.000,b789963e-7f6f-4528-9388-cc1c968f80bb,1,
2023-04-06 04:00:00.000,,100003.0,,2023-04-07 04:00:03.371,2023-04-07 04:00:03.371,,,tracker_pedometer_reward_most_walking_day,UTC-0400,"{""mTarget"":-1,""mValue"":11243}",+OWbbAvnWG,com.sec.android.app.shealth,tracker.pedometer,2023-04-06 04:00:00.000,37f99dce-96e2-4e52-9dcc-70b7f615e69d,1,
,1001.0,,0845f9ac-bac3-451d-b158-cb3e3c7be99d,2023-04-09 19:23:21.111,2023-04-03 16:34:21.872,,,1203,UTC-0400,3538475,+OWbbAvnWG,com.sec.android.app.shealth,sport.tracker.best.record.duration.lifetime,2023-04-03 15:24:01.016,e820a50c-ae16-462a-bd2a-43189538c680,0,
,15002.0,,d972344c-fba4-4cb9-9392-f0935660d9a1,2023-05-08 19:34:44.246,2023-03-19 17:25:46.090,,,1205,UTC-0400,564.4099,+OWbbAvnWG,com.sec.android.app.shealth,sport.tracker.best.record.calories.lifetime,2023-03-19 17:25:37.361,580d4aac-c657-4292-99c3-4dfce373f3d4,0,
2023-04-08 04:00:00.000,,10299999.0,,2023-04-14 04:00:08.946,2023-04-09 04:58:32.751,,,tracker_pedometer_reward_target_achieved,UTC-0400,"{""mTarget"":6500,""mValue"":8545}",+OWbbAvnWG,com.sec.android.app.shealth,tracker.pedometer,2023-04-08 04:00:00.000,e66ad620-ccbe-44d8-bda5-a6ca36926a1d,1,
,15002.0,,9cf1419b-ae37-479a-ad87-cd8f14ac867e,2023-05-08 19:34:44.246,2023-03-21 22:35:12.693,,,1205,UTC-0400,634.03986,+OWbbAvnWG,com.sec.android.app.shealth,sport.tracker.best.record.calories.lifetime,2023-03-21 22:35:03.494,98fa94ba-70de-476c-bf42-6f4164ae1bae,0,
2023-04-06 04:00:00.000,,100003.0,,2023-04-30 16:15:46.271,2023-04-06 19:28:06.974,,,tracker_pedometer_reward_target_achieved,UTC-0400,"{""mTarget"":6500,""mValue"":11243}",+OWbbAvnWG,com.sec.android.app.shealth,tracker.pedometer,2023-04-06 04:00:00.000,1c1f9a6a-0e38-4c7c-8ef5-df27d39cffe9,1,
2023-04-09 04:00:00.000,,10009.0,,2023-04-10 04:15:01.610,2023-04-10 04:00:03.373,,,tracker_pedometer_reward_most_walking_day,UTC-0400,"{""mTarget"":-1,""mValue"":11369}",+OWbbAvnWG,com.sec.android.app.shealth,tracker.pedometer,2023-04-09 04:00:00.000,337a9fe6-600c-4789-9d6c-42485194f506,1,
2023-04-02 04:00:00.000,,100003.0,,2023-04-07 04:00:05.762,2023-04-07 04:00:05.762,,,tracker_pedometer_reward_most_walking_day,UTC-0400,"{""mTarget"":-1,""mValue"":11138}",+OWbbAvnWG,com.sec.android.app.shealth,tracker.pedometer,2023-04-02 04:00:00.000,501a1018-5eef-41f2-8922-e9227263dcb7,1,
2023-03-31 04:00:00.000,,100003.0,,2023-04-25 17:05:24.439,2023-04-01 00:15:00.570,,,tracker_pedometer_reward_target_achieved,UTC-0400,"{""mTarget"":6500,""mValue"":8672}",+OWbbAvnWG,com.sec.android.app.shealth,tracker.pedometer,2023-03-31 04:00:00.000,27704e77-1e9b-40c0-8f45-465d053f512c,1,
2023-04-06 04:00:00.000,,100003.0,,2023-04-12 04:00:09.738,2023-04-12 04:00:09.738,,,tracker_pedometer_reward_most_walking_day,UTC-0400,"{""mTarget"":-1,""mValue"":11243}",+OWbbAvnWG,com.sec.android.app.shealth,tracker.pedometer,2023-04-06 04:00:00.000,4f33fffd-b01a-47f1-bcda-c56b02c27b84,1,
,1001.0,,041d688d-ab0a-4f90-a7a8-f0f945a4c22b,2023-04-09 19:23:21.158,2023-04-09 19:23:21.158,,,1203,UTC-0400,5349327,+OWbbAvnWG,com.sec.android.app.shealth,sport.tracker.best.record.duration.lifetime,2023-04-09 19:23:08.040,37019406-d7e9-4ad0-9f38-54ef82766b56,1,
2023-04-01 04:00:00.000,,100003.0,,2023-04-03 04:00:04.166,2023-04-02 04:00:03.399,,,tracker_pedometer_reward_most_walking_day,UTC-0400,"{""mTarget"":-1,""mValue"":10405}",+OWbbAvnWG,com.sec.android.app.shealth,tracker.pedometer,2023-04-01 04:00:00.000,9181e19e-f224-4a0f-bac6-819751861c3f,1,
2023-04-16 04:00:00.000,,10009.0,,2023-04-22 04:08:42.941,2023-04-17 04:00:05.293,,,tracker_pedometer_reward_target_achieved,UTC-0400,"{""mTarget"":6500,""mValue"":6785}",+OWbbAvnWG,com.sec.android.app.shealth,tracker.pedometer,2023-04-16 04:00:00.000,7a1e6c09-0854-46fa-b6d5-e73392b539ea,1,
2023-04-09 04:00:00.000,,10299999.0,,2023-04-10 04:00:06.216,2023-04-10 04:00:06.216,,,tracker_pedometer_reward_most_walking_day,UTC-0400,"{""mTarget"":-1,""mValue"":12507}",+OWbbAvnWG,com.sec.android.app.shealth,tracker.pedometer,2023-04-09 04:00:00.000,0f855087-4740-4cce-b742-02c6df29f5f9,1,
2023-04-01 04:00:00.000,,100003.0,,2023-04-03 04:00:07.451,2023-04-03 04:00:07.451,,,tracker_pedometer_reward_most_walking_day,UTC-0400,"{""mTarget"":-1,""mValue"":10405}",+OWbbAvnWG,com.sec.android.app.shealth,tracker.pedometer,2023-04-01 04:00:00.000,082a4aae-f975-480c-a16c-c40e174db8b5,1,
2023-04-30 04:00:00.000,,100003.0,,2023-05-11 20:47:05.410,2023-04-30 22:36:51.615,,,tracker_pedometer_reward_target_achieved,UTC-0400,"{""mTarget"":6500,""mValue"":6620}",+OWbbAvnWG,com.sec.android.app.shealth,tracker.pedometer,2023-04-30 04:00:00.000,58e06908-162d-4aa9-a36c-23fb60adcba5,1,
2023-04-01 04:00:00.000,,100003.0,,2023-04-05 04:00:27.111,2023-04-05 04:00:27.111,,,tracker_pedometer_reward_most_walking_day,UTC-0400,"{""mTarget"":-1,""mValue"":10405}",+OWbbAvnWG,com.sec.android.app.shealth,tracker.pedometer,2023-04-01 04:00:00.000,05ccb6dd-855e-4f2a-aa44-bf89ba2f86c1,1,
2023-04-14 04:00:00.000,,10299999.0,,2023-04-20 04:37:08.029,2023-04-15 04:00:02.865,,,tracker_pedometer_reward_target_achieved,UTC-0400,"{""mTarget"":6500,""mValue"":10678}",+OWbbAvnWG,com.sec.android.app.shealth,tracker.pedometer,2023-04-14 04:00:00.000,a944af5b-5c98-4ac0-a410-a923da8d621e,1,
2023-04-28 04:00:00.000,,100003.0,,2023-05-11 20:47:05.490,2023-04-28 23:15:12.628,,,tracker_pedometer_reward_target_achieved,UTC-0400,"{""mTarget"":6500,""mValue"":11734}",+OWbbAvnWG,com.sec.android.app.shealth,tracker.pedometer,2023-04-28 04:00:00.000,3603b0fc-09f0-49b3-8bf1-baa7c268ca60,1,
2023-04-06 04:00:00.000,,10299999.0,,2023-04-12 04:00:10.200,2023-04-07 04:00:03.754,,,tracker_pedometer_reward_target_achieved,UTC-0400,"{""mTarget"":6500,""mValue"":9344}",+OWbbAvnWG,com.sec.android.app.shealth,tracker.pedometer,2023-04-06 04:00:00.000,6e1816c7-a66c-4a3b-8eaa-23ccfb091e58,1,
,15002.0,,af9b4b8b-467e-42d4-81a6-86a451226124,2023-05-08 19:34:44.288,2023-05-08 19:34:44.288,,,1205,UTC-0400,727.96014,+OWbbAvnWG,com.sec.android.app.shealth,sport.tracker.best.record.calories.lifetime,2023-05-08 19:34:35.167,aaffec33-6029-4ed0-9495-c14b1dd49a77,1,
2023-05-07 04:00:00.000,,100003.0,,2023-05-13 04:00:05.118,2023-05-07 17:49:20.642,,,tracker_pedometer_reward_target_achieved,UTC-0400,"{""mTarget"":6500,""mValue"":9958}",+OWbbAvnWG,com.sec.android.app.shealth,tracker.pedometer,2023-05-07 04:00:00.000,d0da8250-38c5-4d23-acab-e0d9159e7162,1,
2023-04-09 04:00:00.000,,100003.0,,2023-04-30 16:15:45.975,2023-04-09 18:42:18.446,,,tracker_pedometer_reward_target_achieved,UTC-0400,"{""mTarget"":6500,""mValue"":13633}",+OWbbAvnWG,com.sec.android.app.shealth,tracker.pedometer,2023-04-09 04:00:00.000,ea640c20-b8f9-4a6c-b9f0-80d52da20c80,1,
,15005.0,,b44327e3-72b8-492e-830c-1903dbac5dc8,2023-05-09 12:50:44.386,2023-05-09 12:50:44.386,,,1203,UTC-0400,2212633,+OWbbAvnWG,com.sec.android.app.shealth,sport.tracker.best.record.duration.lifetime,2023-05-09 12:50:36.519,a42f7468-b28a-430f-a6a3-eb0a931b674a,1,
2023-02-27 11:40:00.000,,,,2023-05-09 13:43:39.864,2023-05-09 13:43:39.864,,,goal_sleep_TYPE_GOAL_DAILY_WAKEUP_TIME,UTC-0500,2,+OWbbAvnWG,com.sec.android.app.shealth,Sleep.Goal,2023-02-27 08:59:00.000,5511ec02-4b15-4cc0-927b-d907a551c0b5,1,
2023-04-09 04:00:00.000,,100003.0,,2023-04-11 04:00:04.073,2023-04-10 04:00:06.010,,,tracker_pedometer_reward_most_walking_day,UTC-0400,"{""mTarget"":-1,""mValue"":13633}",+OWbbAvnWG,com.sec.android.app.shealth,tracker.pedometer,2023-04-09 04:00:00.000,b9879139-3949-4d4b-9501-7cb041518060,1,
2022-09-28 12:40:00.000,,,,2023-05-09 13:43:39.864,2023-05-09 13:43:39.864,,,goal_sleep_TYPE_GOAL_DAILY_BED_TIME,UTC-0400,1,+OWbbAvnWG,com.sec.android.app.shealth,Sleep.Goal,2022-09-28 04:40:00.000,73857ebe-4c97-492f-b8e1-893905ea4339,0,
2023-05-13 04:00:00.000,,100003.0,,2023-05-19 04:00:06.012,2023-05-13 21:39:55.952,,,tracker_pedometer_reward_target_achieved,UTC-0400,"{""mTarget"":6500,""mValue"":9097}",+OWbbAvnWG,com.sec.android.app.shealth,tracker.pedometer,2023-05-13 04:00:00.000,4351f4e8-7553-4d0e-b0b4-41cca0770708,1,
2023-04-14 04:00:00.000,,100003.0,,2023-05-11 20:47:07.628,2023-04-14 22:59:32.890,,,tracker_pedometer_reward_target_achieved,UTC-0400,"{""mTarget"":6500,""mValue"":12222}",+OWbbAvnWG,com.sec.android.app.shealth,tracker.pedometer,2023-04-14 04:00:00.000,b45c3fae-c3e7-4c18-9f86-a7e64e820613,1,
2023-05-15 04:00:00.000,,100003.0,,2023-05-21 04:00:06.472,2023-05-16 01:35:02.900,,,tracker_pedometer_reward_target_achieved,UTC-0400,"{""mTarget"":6500,""mValue"":7499}",+OWbbAvnWG,com.sec.android.app.shealth,tracker.pedometer,2023-05-15 04:00:00.000,c35506cb-b6e0-4158-8020-1a33938fcf7b,1,
2023-04-26 04:00:00.000,,100003.0,,2023-05-11 20:47:05.644,2023-04-27 00:53:31.966,,,tracker_pedometer_reward_target_achieved,UTC-0400,"{""mTarget"":6500,""mValue"":8158}",+OWbbAvnWG,com.sec.android.app.shealth,tracker.pedometer,2023-04-26 04:00:00.000,769653b1-987a-42f2-af63-fb605495e463,1,
2023-05-14 04:00:00.000,,100003.0,,2023-05-20 04:00:08.030,2023-05-14 21:08:49.516,,,tracker_pedometer_reward_target_achieved,UTC-0400,"{""mTarget"":6500,""mValue"":9068}",+OWbbAvnWG,com.sec.android.app.shealth,tracker.pedometer,2023-05-14 04:00:00.000,715b463f-ddd9-48fd-b318-eaf83636282d,1,
2023-05-01 04:00:00.000,,100003.0,,2023-05-11 20:47:05.365,2023-05-01 22:53:16.822,,,tracker_pedometer_reward_target_achieved,UTC-0400,"{""mTarget"":6500,""mValue"":8846}",+OWbbAvnWG,com.sec.android.app.shealth,tracker.pedometer,2023-05-01 04:00:00.000,08d2567a-f24a-4d72-aa65-9fda4e6e7b8f,1,
2023-05-08 04:00:00.000,,100003.0,,2023-05-14 04:00:14.523,2023-05-08 19:55:01.504,,,tracker_pedometer_reward_target_achieved,UTC-0400,"{""mTarget"":6500,""mValue"":8712}",+OWbbAvnWG,com.sec.android.app.shealth,tracker.pedometer,2023-05-08 04:00:00.000,8d494436-a3ca-48e7-af23-d7cff9aa3de7,1,
2022-10-01 13:20:00.000,,,,2023-05-09 13:43:39.864,2023-05-09 13:43:39.864,,,goal_sleep_TYPE_GOAL_DAILY_BED_TIME,UTC-0400,2,+OWbbAvnWG,com.sec.android.app.shealth,Sleep.Goal,2022-10-01 04:30:00.000,0277000a-d56f-4013-a872-e85722a9caa9,0,
2023-05-13 04:00:00.000,,10009.0,,2023-05-19 04:00:05.078,2023-05-14 04:00:02.440,,,tracker_pedometer_reward_target_achieved,UTC-0400,"{""mTarget"":6500,""mValue"":6609}",+OWbbAvnWG,com.sec.android.app.shealth,tracker.pedometer,2023-05-13 04:00:00.000,8cf62b4c-28af-48c2-9161-482ec548b645,1,
2023-05-19 04:00:00.000,,100003.0,,2023-05-21 04:00:06.431,2023-05-19 23:42:12.566,,,tracker_pedometer_reward_target_achieved,UTC-0400,"{""mTarget"":6500,""mValue"":6658}",+OWbbAvnWG,com.sec.android.app.shealth,tracker.pedometer,2023-05-19 04:00:00.000,05d1bc09-d734-4f82-88fb-cfc8270a6745,1,
